{
  "Q": {
    "NS_HIGH_EW_AMB": {
      "EXTEND": -1516.935869643389,
      "SWITCH": -948.8067489992079
    },
    "NS_BALANCED_NONE": {
      "EXTEND": -190.47257460897413,
      "SWITCH": -795.7948483048174
    },
    "NS_HIGH_EW_NONE": {
      "EXTEND": -358.21939894746157,
      "SWITCH": -692.9148718304447
    },
    "NS_BALANCED_AMB": {
      "EXTEND": -1173.8094028057192,
      "SWITCH": -1303.1646019182028
    },
    "EW_BALANCED_NONE": {
      "EXTEND": -340.3858121076569,
      "SWITCH": -1073.5660750316479
    },
    "EW_HIGH_NS_AMB": {
      "EXTEND": -1460.6743395335088,
      "SWITCH": -759.9088285035111
    },
    "EW_BALANCED_AMB": {
      "EXTEND": -1210.3346967627963,
      "SWITCH": -1337.8938519609999
    },
    "EW_HIGH_EW_AMB": {
      "EXTEND": -1785.0399786841697,
      "SWITCH": -917.034487011833
    },
    "EW_HIGH_NS_NONE": {
      "EXTEND": -209.8573681246855,
      "SWITCH": -579.4999731581313
    },
    "NS_HIGH_NS_AMB": {
      "EXTEND": -1594.3314399054664,
      "SWITCH": -435.64275252717425
    },
    "EW_HIGH_EW_NONE": {
      "EXTEND": -329.8746731598013,
      "SWITCH": -872.8932511452963
    },
    "NS_HIGH_NS_NONE": {
      "EXTEND": -136.69661072663246,
      "SWITCH": -1306.69251014447
    }
  },
  "EPSILON": 0,
  "REWARDS": {
    "CAR_PASSED": 1,
    "CAR_WAITING": -0.1,
    "AMBULANCE_PASSED": 5,
    "AMBULANCE_WAITING": -200,
    "AMBULANCE_CRASH": -500,
    "PHASE_SWITCH": -0.2,
    "OVER_EXTEND_PUNISHMENT": -0.5
  },
  "TOTAL_SESSION_TIME": 110737,
  "timestamp": "2026-01-19T16:03:33.212Z"
}